event_id,image
10,ef53e371b218cfc0ae9909aaf8fad419cffcbd35.jpg
10,44a340b1c263d7d7a51e7af8415c04532a9f7fae.jpg
10,99ca1ce5796851c08ab37c0a45569d0c2caa0e48.jpg
10,ca6fa9033a56cfff3741489ca65738c4787aab30.jpg
10,18239d00f0b96068c23af4c99a9e3c1494bf0df4.jpg
10,6d525b83bee97f8e9978a3ba35dd336c8885967c.jpg
10,3e9f4512adcf7a42e9cf1fa0c6524934ebc7166e.jpg
10,3e5c32e336a089c9b5b93e8d692e52c1d3c8d1d4.jpg
10,ea96e69a49be70d0710586cb24b3415bf3bca1b7.jpg
10,aceadd1308f9e834578a8177e8d1108481d4080b.jpg
10,d5275ee42c845651d6b964ffe1ea1f8f3931948d.jpg
10,9271b620eeb9d9d47ca1a2dba7106cb8176cb17c.jpg
10,a66822dd78ef89558c005fe53f5efe9b42c5c92c.jpg
10,93455ecf557efe810fc333e40d0c5a9149f0cf5e.jpg
10,58aa48c8f96d7d1e871bc71c5f6b5e6fc4eb357b.jpg
10,4d2b00d9f2611638730a7f4e3ad72b468506e06a.jpg
10,610dcb2d938aefb58872d59f579aa918aecda213.jpg
10,d874cd4d5fd1c1cd3915ae685c29cbf8b1f59a18.jpg
10,7d51134edc617e416aec4aeb8cb540ca5eb37f56.jpg
10,b53e45c992b3463af7b46c630272420251b9f037.jpg
10,7370c951f28040abdeaa95b2d39af5bb38be8f28.jpg
10,d8474377049b83d2737d4000d5597ffd16b2672c.jpg
10,a10fe5f94884c59eae0f1c647afec588c4e9dd32.jpg
1,a89a1ae5ac5a08c251d90a90abc7fbde0879a926.jpg
1,1120b1047b4c60c09573b0a399505e6b182d1740.jpg
1,eddcd6db44f7ba55597aec6d5b75e9f56cd08a2c.jpg
1,01c60f0a228bec0fc7cb01ea0a8b2ade66ce151f.jpg
1,a5e676bd490c112dfe7765f07fa4caace29ff965.jpg
1,79069a13e80464e0299c0823d5bc774f5731dc97.jpg
1,8a5ad77ee03151d084a71bf1723d9023a0c6f489.jpg
1,d5337280a16ec0eed6e66d835276ed19ed5094e7.jpg
1,1baf5fc7227a08b1903289a830c8ff783ad55ad6.jpg
1,5e38254bf0efc0c24ef0ea3bf97fba3a6b6b48da.jpg
1,d1ea3a06ec43f652d27d6c7904b8b08d62476e50.jpg
1,be4bb81ad629ef44f43c72fab245d03305996018.jpg
1,af96dd8a690f2812c09aae5b111b918e8b44b73f.jpg
1,d7603f3441204533ccb50508a1e0967bbdaa8ce6.jpg
2,ef8fce87a4955e7225a59743f660a5f5f5cf1b1b.jpg
2,2032519f8e3bfbb98533467708f831b08947a58f.jpg
2,518018cf10b94e062d163e821943a42e5dfdb3cc.jpg
2,68ab7f5b2424f9752a0d6f1be9d081f302235ada.jpg
2,4885c39e222a07054c8c5cfb58aba61a4c1023bb.jpg
2,e1f6697b0df5d3ad6ef3f6d8f9b63895f63dcb46.jpg
2,ad2f570d6f767f74dd44e16d86e7bfe31d597e90.jpg
2,438a42838667368709252cd24abbafaec4c3ef9e.jpg
2,40853d042c2c51e2427c7d4ecf6a114a906ca304.jpg
2,7588ee37b0b01d7e701e97f8a04172449db92edb.jpg
2,9fa65e74b2ba3b793a0d519168fa45ce08632ef9.jpg
2,99dbf02f96a3ec35446f643c19c81bcdb2bcdbe0.jpg
2,556692073a623ad8972ae53b42d8a1246e06ec25.jpg
2,d3cef4e2c6c3afe67ff9ba19114e0603c5008f5c.jpg
2,a00a144ab00ccdeda0706a7a0e4cf3bbf9a1e782.jpg
2,88a14c4293c30a3599bacea98bad72f3dacd444b.jpg
2,937219199951d8e6a90c544d21a03ee07903893f.jpg
2,e763ed062ead179d794e40582ae9121997942995.jpg
2,414d7e1719a82d85776c541dc39462be321e93dc.jpg
2,8c7ada9a75d1ae05b53d79bc5802c6888d11c430.jpg
2,936aa26021400eecd6f3ab710abdb93c03f602ac.jpg
2,fb059865593f0a76e21fbe9970c6ad602ee9b47f.jpg
2,50d1fbbadcfd00d91bc96c8c8dfe053679985485.jpg
2,d0dd806a8cbf1adb0b5f0e7474e2bfc7eff19cdf.jpg
2,e584a5c805609a00d1a8287da6d587a3d91f0303.jpg
2,7ebee000d7e3b6ccac6b05afbab309d41dddd2d1.jpg
2,9a69b853f2d8c362b5a87a44a1a0e16e8ba18269.jpg
2,91ccc5c0602511e8ce01bf45124585683eb3852a.jpg
2,4a4169affcf63aca65dac33cfdc5c59c62b04a15.jpg
2,060309ecd1a2de159f0e094a429128e3e9439ac1.jpg
2,c975abf9d766e4333feef3f0affa7be542142eb2.jpg
2,be42f2b8162a5c08dbe34cdf151aa1f027d3ecd0.jpg
2,443c3256c6855b30299af0104a1a48248aaed9cd.jpg
2,eb5dcdcc10cc007da575aa3de6f6ec1856b63f39.jpg
2,033bc03fe5141ffdd2ed2a5c53d5793b87737c6f.jpg
2,76f5ac7ad3bd624ecfe2a97cffeb808cdb1cc8fb.jpg
2,4089d540756e294f5ebe66815faa994c6044dc87.jpg
2,1427618c14a25b1d84b6a26187b52e21ff0bac5f.jpg
3,04e6d25eaad52ab272ade3c9134dce4b3c793883.jpg
3,688988a8164f3f170a3e52eaf610168b370d4988.jpg
3,cba07da1b047a1599c1ca1bbb39d79bf8493231e.jpg
3,e9c0732ca82dbd37afb85864f1846490ce11f042.jpg
3,e9c0732ca82dbd37afb85864f1846490ce11f042.jpg
3,bcfce1a44da353acb9824650c42f15dfa7cff0e0.jpg
3,0f4d785d84807d5e8edfbd80665097d8fe5f0b40.jpg
3,cd11f615557d738eff4be6d976af704a12146236.jpg
3,cd6812f139b4bc99bf12e4c986ce60ba7e3f1a0a.jpg
3,bee1fc988487cd48b9da68927cee25d7eced8b69.jpg
3,f6a01ee69a167447d9a6f32e770130a0a4a65a29.jpg
4,3ddeb6b25bfaae187f2f67572f2eac787cd2acdf.jpg
4,5db28b988ecad9986dd1306fceb6e80df9a4dc12.jpg
4,25996f480364b7b2a5ac866e29ce7775e5c4854e.jpg
4,2caa6b57d7f7879d26d69404c7accf98366351af.jpg
4,b0c831c2aaf3c91ba3a3da5dfabc0e77ec40332d.jpg
5,068b6e4ce2937c2e9e4f23d98788a0dcd18676d0.jpg
5,bde49d0e04bb000c772320a0ec7579324dd84a15.jpg
5,774d5dcfd06fe2174d03ee7ed630e9260c82b781.jpg
5,d10e91df92844fef2e0cc9368706327598bd0daf.jpg
5,6f9f880d666da990c2b5bfeb49a0f303d87be171.jpg
6,a4017fd14a581f444ac73c87bb11c02bcea2b5b2.jpg
6,28574ac010d74e966ec85082808c8e90acf31c12.jpg
6,58c7973549719dacd6bd185d98ca0643da16b586.jpg
6,521df09bfbed720e522d9e206bf198e7c28fe0ab.jpg
6,5847690507236716ec513949484d7c3653aa7a32.jpg
6,08ee20898988791c73ceda3fa349c965d72f0348.jpg
6,56039dd32afb43af53414764b9c3b89bc235c544.jpg
6,56039dd32afb43af53414764b9c3b89bc235c544.jpg
6,dc80fe2b56e9e4f13f6308c0158ad2f0416ad1fc.jpg
6,4beb92e2d65e09cbbda8c0b739b499cc45fd300e.jpg
6,dc974199d726499ac52db726803ddfa5cde9f43f.jpg
6,500a477d54db6f76922be6330f17ccf554b96201.jpg
6,7d32d4498ad4777b6e6b661a8ab4bb00322239ac.jpg
6,1ac5512357deccadcd0c1e7704cc0d561543a026.jpg
6,a1aa3f2745c307fe4d7d364c578bda1b60f9091a.jpg
7,8209985ea0a2b4e3f2394d41ecbe9bc648e16d14.jpg
7,a10025b01bd1c6f0967a0d5a65a36f76e3edaacf.jpg
7,97fae3194d9bea1a44389ba286341d44ed441267.jpg
7,6087c9f32618ae0569057492f96ef4a62fdc2934.jpg
7,46c5fdc5ca92a534271d47183025d6efd8c345db.jpg
7,311a9f51a7558b5c2430ff7450bdb0ba0e82775b.jpg
7,409c11e8efbf720c3018e3759f961b86e81dda3b.jpg
7,73d844a6bf5cc0a8ed81482b62cef4a745ab57da.jpg
7,103c50473c95a7216291617ae938bd7700ad27cf.jpg
7,dc03270240a9e76eec58a8360ab5f4740a6fd51d.jpg
7,ae5466a46b6d85cd6f010803df3726d8f136aec4.jpg
7,ae5466a46b6d85cd6f010803df3726d8f136aec4.jpg
8,4916cfa039e8c7c5716010d1ce4b7edef368fac1.jpg
8,d45ee92b53808a8c60077a0ba057b7c8e81a1154.jpg
8,d3caa6414ccf8a8673143c627374ae215593ab2c.jpg
8,504c3504bc2f35728ab557303667e609eb659977.JPG
8,86c280ec34cf9cb5f966ce9f685dbccff893ce3d.JPG
8,e5555102519e075b4e1776825f97ec052a25cbaf.JPG
8,0f0e339e0ac43e2926009dbc63088b516c6feb3d.JPG
8,9705f2813bf6f9cff45896946adbb781ebc71a2f.JPG
8,8e13403c9c0d973a076e43a94149875c3ed069a7.JPG
8,3495197153dbb31b352e3ea414f989844b46a6bc.jpg
8,be87b53da1559e9063352090c399d9aa5e4466ef.jpg
8,6399bef3e011d645a75597a706fdbb018125cabb.jpg
8,18db704a63a67ab9a07b190e6cd8bfa76625402f.jpg
8,fd31bb24a2f3d38b66c0387f6c00e54c0d7e67b6.jpg
8,974d3cfadc7e370e3b9be9836afe7be9f87e114b.jpg
9,c5f17a238fa68f88071fe9ee027613f6a9adf88f.jpg
9,e40d8e5c96ab0c92beb2230100ee01bdb4698f06.webp
9,4a3198e3aac369bff507e91b65008046362cc28d.jpg
9,983238565c57b33a14abcbc3397df01ecfe48f91.jpg
9,7375cbb38ae2253f278d4dddb4ef13a869d62441.jpg
9,4a20afabc425d205c3f6ab714420ff878e165ccf.jpg
9,1bd885a2156395c787227cf877128dca09ed4177.jpg
9,a9cd31d294d089efd832250fca3ee953a2dcd628.jpg
9,f8113428497f007f1cc8393f5c1196893802eddc.jpg
9,26dcf6bfee19a0adcd3bac05a28f241f7bf8ecf7.jpg
9,5d6782f6f68182075d86c8d8c4f01d4c616f64a4.jpg
9,4e424faaa5d40933e025453e3f8d06636690bf5a.jpg
9,4e424faaa5d40933e025453e3f8d06636690bf5a.jpg
9,1914a724d9868b73beb0dc78cc776726ceef7b99.jpg
9,eb2157d9d46d200589c0675a1a407916e5bf49b6.jpg
9,c8ae825e2685bb277b8d28cf312f7eba91629cf5.jpg
9,e384985ded8c8d7255d875e78034abffc20afa22.jpg
9,8b767ab4e73e2843608c13b0eed1ead09c2a4951.jpg
