place_id,image
10,c4079dd115249e60005159e036c08671c0df9e3a.jpg
10,da9f75e5d75a86e4886118ade15b82c701e40fdb.jpg
10,671bc49ed65dc89670ba4ce55768d8c4f5e88fe6.jpg
10,0a982c33903ef5884438bb67c26313e3d355f9be.jpg
10,b09e9a490cb774c717e99d6deb46309a6dde12a3.jpg
10,6ae010a7038a4c3e1fa6dbd73117b75c09b91c38.jpg
10,4291b3b4d492235e6b539a31c079c2ab37792e13.JPG
10,cd62a95f429c4066d8a64b5d3ebcba231dde4501.jpg
10,a2ef131dc1c484318c32fca94b016b059b6085ac.jpg
10,0c59b7e706aa5a53fd4698be4af57f4640669d1f.jpg
1,2056348abeb737d1b036a93997663b4d0f442fed.JPG
1,d163857ceb537f0ee42f97e51e2af3de8bd9adad.JPG
1,5be65c83e4b288a2d85f90b460a68381bb409852.JPG
1,29e64555960d6038cdf68bce78cebc32ca6e1e99.JPG
1,27f1f247e666aef53c52cd8e27f7da26df35c280.JPG
1,896f3c35362d4a147c4039b588c52a9c5bef4067.JPG
1,d2d917cb5a2a1bc321cbc2051276b3f80f08cba4.JPG
1,0ef75bdc2167a1394c0bda0af47f6a26f8e49505.JPG
1,0e75f9d341869184fe487138ed499634efb46e3b.JPG
1,c918e9241152cad38ad07c32b169120e696b625d.JPG
2,d0125f61c5fdf2a11507216550c8a5d7596ff48e.JPG
2,1bd442cb4724c040826fbe53296a0b5e48d0ac4b.JPG
2,33414e9c4f6835f1713672b67c1253155fbb6a8a.JPG
2,201d476bd13cccbd19df1b58bd6f9500e5354b84.JPG
2,af1f91f923528cb917e420675033d98852547906.JPG
2,f3471010da77af930427761cfb1ce8cc9ee13228.JPG
2,e6b8d6d197d898ebf66ea7991cd3e3911ae97ab4.JPG
2,23b5f5dc9e454d8d13a76dc2fd60b1b01a1315b2.JPG
2,3156cf4ac20a7b2f4e0ac4f0e96165c6cf746354.JPG
2,0c849701c695f443662a414a8e2fdc9150c7129c.JPG
3,e3b75d41428a018d137fdf3ef9b96d3c0e39a2e5.JPG
3,8ecf069cb1c85d85d29a835fefae7bb6953241ef.JPG
3,880f2a9fa7a854d579fdc12d7a4664ac8eb7467f.JPG
3,f0093f17d8b9e2ad0a6d80c4cfd7274bf0a13803.JPG
3,0855c135ec00790de589990da0cdb7fa7a9b1daf.JPG
3,00dd468a90a4ee97767c362bfd5a837d1e638020.JPG
3,f4e6c447c7c04fe51f9c0a436b2d7e8020d3d5f2.JPG
3,a648867f55a2d45928dfb58910865e23c1781398.JPG
3,ad9c0966050ae9a61c6dbf103621717cd0a13de3.JPG
3,47569a5b0967cab6f8f0c5b94fe7071c9f3ac000.JPG
4,f4fdc1a8ae50f92d088edf7bd3351bd693cede6f.JPG
4,8925438f4aa4423989dd08b22c97a4a9b0bdc9b1.JPG
4,bd3129c230247708b13e8017a3790e2a1ad25bc4.JPG
4,6f4901b37d5ae6cf9f935e4e2c385139d3fc929d.JPG
4,728e725e1b941bc7e562db0eb6fbb6491f9aafd7.JPG
4,3cfdc6b306a34572e6a1c8524c2f85c668e6cf1d.JPG
4,6801d8b53d83d539b6e7e363e0e6ab95f2780d1f.JPG
4,96dadf286bb88d0e8a6dfcc4170a23ac95d90dc5.JPG
4,bbdf7be545d9a4ce6f86eb4bad7cd9c655adf8d5.JPG
4,b95de3d7e0236bbc505c5a1d738e04d2ee0b32b8.JPG
5,f91fa85064ca8317884085875c5be3573cb13e0d.JPG
5,510ce55df405da970226328c4038e3558ecb48b8.JPG
5,882c40e46c5dba0d3d4cff3a6b11a90bd926a01e.JPG
5,e7c498b23e5446a9730f9d059d5417276fa28f3c.JPG
5,e2dcf26bf09e7f507bc3e5738985b0cbf1b66ff7.JPG
5,81d00204b644af2161469e4dee4a47ca2e456803.JPG
5,5c2a55cf959d799ae1689287c3672ebb00e68c35.JPG
5,fb0b56d278fe30f2eefd99d950b4139dbd57a2ba.JPG
6,64872f9b37f29c192bd25ba9a27b2aae4712be02.JPG
6,6b4b2ccab992e041ff58dd45a0e2b2dac9cfe7f9.JPG
6,07f40df7b8bcf70a2f73c50c0d3258a857d4ad44.JPG
6,e408bf05a8e7c6842bcfc86c0ccb7fbda2727d15.JPG
6,d72e9e87a492c622aea86318e6811bcea42d9f06.JPG
6,beb540e2abe10af8728b731a7dacf60a7860fa47.JPG
6,d8d2dca5176d3500ec73757f66819667705a57f1.JPG
6,4e3c720906cd2f959226be58f1635ba232e4d19a.JPG
6,ac07ead9af6bab2c9c5c5b2c3b522b6e40f632d6.JPG
6,7148fc4453088f951e08122e764e3c4f8485e9fa.JPG
6,6638af8d790b51818847b745dfe3900619b89482.JPG
7,4dcc38d2f707cc638bc9bcba0a82cef0bec3aa78.jpg
7,624cf83df356a9b60545769eb67c2f64ad43e93b.jpg
7,e13159e7e4d355a4b726fd8ea0f2f47630fa08e1.jpg
7,597f67056c1167c044bc69b13f5069697b0a42e7.jpg
7,eee53b6933adf1db3d4565f5bc5dadbac1194367.jpg
7,455f69c6a1e25a3f68c8bde0104bc2893c7e410d.jpg
7,035dab57c24861571a542bd28927de888a4bb26c.jpg
7,d5664ec4459af6db38257e94c908624199e56bd9.jpg
7,6eb6d50053120a842800c4eaa9e36bb256afe89f.jpg
7,79c9c17f1bf148fc5fcaf5377ae05874e37d7cdd.jpg
7,831d5e69bb46c1f2acd0325b0aba7e916562faf6.jpg
7,8c5e60c33b63df26b91378c70a2b0f51113da6d3.jpg
7,98627ca82d3e611876840e83336125595120b12a.jpg
8,61bd7415956d62eb9c3ed2d2ebc6f8da147fe1ef.jpg
8,5b251bc8fb819de530dc5cf14ffbb4707654bb7b.jpg
8,d841728f4e76f9781f27b6646fc33e7520d53375.jpg
8,621f025b15d561aab1fc3d0e1cc8381f0f2f78d3.jpg
8,ec5e7c62db55826f5113234dc95cf77166f4f976.jpg
8,9887128458bb076a6ddb51b1754cc8f5f471f7f2.jpg
8,09396c024867772775d4619a62cc58d29d47dc6d.jpg
8,296ea2ec3f661a8ba0e184e4ee15ca73a8921360.jpg
8,7650b93226d99d393ded2e25b402d6db004869f1.jpg
8,a03b65c9a161bd46523cc5f7bde68fdb7b7ba474.jpg
9,09689d0f0529850b0db6df448f16ed91dc3dff5a.jpg
9,4c99c559ada38e82551f0f4d1d8ec0d5b03d453d.jpg
9,3f19fa962593d7f0038ae5de9e052d7810eb8165.jpg
9,0ec685889b6ddd7e3d65a5d5125a5acb70e3154e.jpg
9,b05a47f3a44ba7e21416f1fbbaba3d3ade44aa83.jpg
9,9a732cafc4067dafb4e08b451d92a466ded559b7.jpg
9,69c19c675f9bfaa8b57fc9d67a0765d594dd0613.jpg
9,27dddfc7b3f872972a0f01044a066fe275833a6a.jpg
9,8ae5f10bdfc46b2e12c9e8d44fa68d72a38db8a9.jpg
9,f0bf4522b1460081a1aa543d37e8c2a542aeafd7.jpg
